,Keyword,Volume,Keyword Difficulty,CPC (USD),Competitive Density,Number of Results,Intent
2,crm gratuito,2400,36,"2,8","0,79",10900000,Commercial
3,crm gratis,1900,36,"2,8","0,79",26500000,Commercial
4,crms gratuitos,1900,35,"2,8","0,79",18400,Commercial
8,crm de vendas,1300,36,"2,68","0,64",9870000,Commercial
9,sistemas crm,1300,45,"1,14","0,45",15000000,"Informational, Commercial"
10,crm gratuitos,1300,33,"2,8","0,79",4370000,Commercial
11,crms,1000,40,"0,64","0,27",10500000,"Informational, Commercial"
12,crm para empresas,1000,35,"2,97","0,72",28300000,Commercial
13,crm gratuitas,1000,39,0,0,32500000,"Informational, Commercial"
14,ferramenta crm,880,44,"1,29","0,43",6280000,Commercial
15,ferramentas crm,880,42,"1,29","0,43",10400000,"Informational, Commercial"
16,crm empresa,720,45,"1,5","0,34",27000000,"Informational, Commercial"
17,ferramentas de crm,720,46,"1,57","0,41",9390000,"Informational, Commercial"
18,software crm,720,41,"1,56","0,5",320000000,"Informational, Commercial"
20,plataforma crm,590,45,"1,48","0,54",11300000,"Informational, Commercial"
21,melhores crm do mercado,590,33,"3,22","0,81",4660000,Commercial
22,crm brasileiro,590,21,"2,08","0,76",5540000,Commercial
23,tipos de crm,590,20,"0,32","0,23",28700000,"Informational, Commercial"
24,crm softwares,480,46,"1,55","0,46",6810000,"Informational, Commercial"
25,crm online,480,40,"2,22","0,57",391000000,Commercial
26,crm comercial,390,38,"2,61","0,63",18700000,"Informational, Commercial"
27,plataforma de crm,390,44,"2,02","0,56",12900000,"Informational, Commercial"
28,melhores crm,390,34,"2,48","0,76",13500000,Commercial
29,ferramenta de crm,320,47,"1,83","0,5",7540000,"Informational, Commercial"
30,programa crm,320,44,"1,34","0,46",19300000,"Informational, Commercial"
31,software de crm,320,40,"1,62","0,53",322000000,"Informational, Commercial"
32,crm exemplo,320,21,"0,49","0,2",2360,"Informational, Commercial"
33,experiencia em crm,320,27,"0,17","0,35",13300000,"Informational, Commercial"
36,crm para vendas,260,32,"4,01","0,66",11300000,"Informational, Commercial"
37,plataformas crm,260,36,"1,48","0,54",6970000,Commercial
38,crm plataforma,260,41,"1,53","0,48",19500000,"Informational, Commercial"
39,plataformas de crm,260,42,"2,02","0,56",7340000,"Informational, Commercial"
40,crm ferramenta,260,47,"1,32","0,36",9480000,"Informational, Commercial"
41,sistema cmr,170,42,"1,14","0,45",41000000,"Informational, Commercial"
42,crm programa,260,40,"1,34","0,46",24800000,"Informational, Commercial"
43,melhor crm,260,32,"2,48","0,76",21200000,Commercial
44,sistema crm gratuito,260,30,"2,67","0,76",7100000,Commercial
45,melhor crm do mercado,210,31,"3,22","0,81",12100000,Commercial
46,crm vendas gratuito,210,34,"2,86","0,74",1250000,Commercial
47,crm free,210,36,"2,66","0,67",448000000,Commercial
48,crm gratuito para vendas,210,34,3,"0,82",455000,Commercial
52,melhor crm de vendas,170,32,"2,47","0,69",8830000,Commercial
53,softwares crm,170,33,"1,56","0,5",6970000,"Informational, Commercial"
54,melhores crms,170,32,"2,88","0,75",64700,Commercial
55,crm de vendas gratuito,170,33,"2,95","0,8",394000,Commercial
56,crm grátis,170,35,"4,33","0,85",10600000,Commercial
57,crm para pequenas empresas,170,22,"2,96","0,61",2780000,Commercial
58,melhor crm gratuito,170,33,"2,47","0,78",5240000,Commercial
59,service crm,170,36,"0,7","0,18",389000000,"Informational, Commercial"
60,services crm,170,40,"0,7","0,18",366000000,Commercial
61,softwares de crm,140,32,"1,62","0,53",5570000,Commercial
64,crm programas,140,39,"1,34","0,46",27900000,"Informational, Commercial"
65,sistema crm exemplos,140,32,"0,43","0,39",23800000,"Informational, Commercial"
66,crm barato,140,25,"2,68","0,82",9810000,Commercial
67,crm gratuito vendas,140,28,"3,63","0,86",558000,Commercial
68,exemplo de crm,140,29,"0,46","0,22",12000000,"Informational, Commercial"
69,crm saas,140,28,"1,77","0,64",35200000,"Informational, Commercial"
71,software crm gratuito,140,31,"2,23","0,51",435000000,Commercial
72,crm ferramentas,110,34,"1,32","0,36",9880000,"Informational, Commercial"
73,crms online,110,32,"2,19","0,52",332000000,Commercial
74,experiência em crm,110,32,"0,17","0,35",16900000,"Informational, Commercial"
75,crm atendimento ao cliente,110,21,"1,6","0,52",6540000,"Informational, Commercial"
76,melhores crm gratuitos,110,32,"2,47","0,78",274000,Commercial
77,os sistemas de crm geralmente são pacotes de software,110,15,0,"0,01",28,"Informational, Commercial"
79,crm b2b,110,15,"2,47","0,69",38000000,Commercial
80,crm engenharia,110,20,"0,65","0,18",9490000,Commercial
81,crm gratuito online,110,32,"4,17","0,66",7540000,Commercial
82,crm systems,110,85,"1,71","0,39",139000000,"Informational, Commercial"
83,crm sistema de vendas,90,36,"2,08","0,59",4760000,"Informational, Commercial"
84,empresas de crm,90,26,"1,77","0,7",25300000,Commercial
85,crm empresarial,90,43,"1,93","0,56",10800000,"Informational, Commercial"
86,melhores crm de vendas,90,31,"2,47","0,69",4970000,Commercial
87,programas de crm,90,33,"2,03","0,28",17000000,"Informational, Commercial"
88,customer relationship management software,70,85,"1,74","0,6",255000000,Commercial
90,crm empresas,90,32,"1,97","0,6",27400000,Commercial
94,aplicativo crm,90,36,"1,82","0,45",4350000,Commercial
104,empresa crm,90,46,"1,05","0,47",25200000,Commercial
105,crm gratuito 2022,90,25,0,0,390000000,Commercial
107,ferramenta crm gratuita,90,34,"2,75","0,75",277000,"Informational, Commercial"
108,crm para representante comercial,90,8,"2,86","0,75",3600000,Commercial
109,b2b crm,90,19,"2,49","0,55",33800000,Commercial
113,crm online gratis,90,30,"3,9","0,22",99,Commercial
115,crm web,90,13,"1,02","0,53",327000000,Commercial
116,estratégias de crm,90,25,"0,59","0,26",9920000,"Informational, Commercial"
118,plug crm,90,25,"1,06","0,29",15800000,Commercial
119,software de vendas,320,23,"1,84","0,83",32700000,Commercial
120,software para vendas,390,25,"1,54","0,47",79800000,Commercial
343,crm vendas,1900,38,"2,17","0,63",15900000,Commercial
374,plataforma de venda online,1900,36,"1,56","0,63",43700000,Commercial
375,plataforma de vendas online,1900,36,"1,56","0,63",26600000,Commercial
376,plataformas de vendas online,1900,36,"1,56","0,63",11800000,Commercial
465,plataformas de venda online,1600,36,"1,56","0,63",14500000,Commercial
504,aplicativo de vendas,1300,33,"1,22","0,54",56400000,Commercial
565,crm de vendas,1300,36,"2,68","0,64",9870000,Commercial
630,plataforma de vendas,1300,36,"1,3","0,62",75100000,Commercial
1095,app de vendas,720,31,"0,78","0,55",169000000,Commercial
1743,plataformas de vendas,590,34,"1,3","0,62",18500000,Commercial
1925,aplicativo de vendas online,480,36,"1,77","0,53",33900000,Commercial
1926,aplicativos de vendas,480,37,"1,22","0,54",26800000,Commercial
2383,plataformas para vender online,480,34,"0,9","0,66",19900000,Commercial
2432,sistemas de venda,480,22,"2,17","0,81",300000000,Commercial
2540,vendo crm,480,40,"0,37","0,19",2820000,Transactional
3197,software para vendas,390,25,"1,54","0,47",79800000,Commercial
3452,app controle de vendas gratuito,320,33,"0,75","0,64",22600000,"Informational, Commercial"
3453,app de vendas online,320,34,"0,95","0,6",52300000,Commercial
3532,caminhão plataforma a venda,320,13,"0,04","0,39",93,Commercial
4104,melhores plataformas de vendas online,320,26,"1,47","0,63",11100000,Commercial
4202,plataforma de vendas online gratis,320,27,"0,99","0,67",18100000,Commercial
4294,software de vendas,320,23,"1,84","0,83",32700000,Commercial
4404,venda de conta free fire whatsapp,320,4,"0,06","0,12",62,Commercial
4654,aplicativo de venda,260,42,"1,22","0,54",118000000,"Informational, Commercial"
4656,aplicativo de vendas gratuito,260,37,"0,75","0,62",13000000,Commercial
4658,aplicativo para calcular preço de venda,260,24,"0,27","0,23",16100000,Transactional
4659,aplicativo para vendas,260,37,"1,19","0,56",60400000,Commercial
4660,aplicativo para vendas de produtos,260,34,"1,48","0,62",32700000,Commercial
4661,aplicativos de vendas online,260,36,"1,77","0,53",16600000,Commercial
4662,app vendas online,260,36,"0,99","0,62",51100000,Commercial
5297,crm para vendas,260,32,"4,01","0,66",11300000,"Informational, Commercial"
5449,happy hair vende em farmácia,260,18,"0,28",1,82,Commercial
5703,plataforma de venda,260,29,"1,3","0,62",72800000,Commercial
5706,plataformas de venda,260,29,"1,3","0,62",25300000,Commercial
5721,programa de vendas,260,28,"2,1","0,56",111000000,Commercial
6009,venda de software,260,12,"0,57",1,114000000,Commercial
6345,aplicativo de compra e venda,210,36,"0,55","0,33",177000000,"Informational, Transactional"
6346,aplicativo para vendas no celular,210,38,"0,93","0,61",13400000,Commercial
6347,aplicativos de venda,210,40,"1,22","0,54",37900000,Commercial
6349,app vendas,210,38,"0,72","0,55",168000000,Commercial
7194,crm gratuito para vendas,210,34,3,"0,82",455000,Commercial
7195,crm vendas gratuito,210,34,"2,86","0,74",1250000,Commercial
7514,melhor plataforma para vender ebook,210,24,"0,59","0,66",5970000,Commercial
7737,plataformas de vendas online grátis,210,27,"0,99","0,67",5420000,Commercial
7760,programa de vendas gratuito,210,26,"1,06","0,74",24000000,Commercial
7778,quais plataformas de vendas,210,23,"1,11","0,57",15900000,Commercial
7780,qual a melhor plataforma de vendas online,210,25,"1,56","0,6",22300000,Commercial
7785,qual melhor plataforma para vender online,210,25,"1,36","0,67",89300000,Commercial
7854,sistema de vendas gratis,210,24,"1,44","0,68",9520000,Commercial
7855,sistema de vendas gratuito,210,29,"1,17","0,72",13500000,Commercial
8495,app para vender produtos,170,36,"0,95","0,59",44800000,"Informational, Commercial"
9573,crm de vendas gratuito,170,33,"2,95","0,8",394000,Commercial
10043,melhor crm de vendas,170,32,"2,47","0,69",8830000,Commercial
10323,plataforma venda online,170,34,"1,48","0,61",48700000,Commercial
11338,aplicativo para vendas online,140,40,"1,65","0,59",26100000,Commercial
11339,app de vendas gratis,140,35,"0,84","0,57",9910000,Commercial
12757,crm gratuito vendas,140,28,"3,63","0,86",558000,Commercial
13365,melhor plataforma de vendas online,140,34,"1,26","0,6",29000000,Commercial
13749,plataforma para vender produtos,140,22,"1,57","0,65",24700000,Commercial
13750,plataformas de vendas de produtos,140,29,"1,35","0,68",8930000,Commercial
13751,plataformas de vendas online gratis,140,30,"0,99","0,67",6970000,Commercial
13754,plataformas para vender produtos,140,32,"1,57","0,65",5810000,Commercial
13998,sistema de vendas gratuito sebrae,140,24,"0,99","0,7",57,"Navigational, Transactional"
13999,sistema de vendas online,140,25,"2,86","0,71",44000000,Commercial
15281,aplicativo de vender,110,44,"1,22","0,54",180000000,Commercial
15282,aplicativo pagseguro vendas,110,47,0,0,92,"Informational, Transactional"
15283,aplicativo para controle de vendas,110,21,"1,45","0,54",16400000,Commercial
15284,aplicativo para venda,110,39,"1,19","0,56",140000000,Commercial
15285,aplicativo para vender,110,46,"1,19","0,56",42200000,Commercial
15286,aplicativo para vender produtos,110,42,"1,63","0,58",19100000,Commercial
15289,aplicativos para vendas,110,39,"1,19","0,56",36100000,Commercial
15291,app de venda,110,34,"0,78","0,55",292000000,Commercial
15292,app para controle de vendas,110,30,"0,96","0,6",27300000,Commercial
15293,app para venda de produtos,110,33,"1,03","0,68",69100000,Commercial
15294,app para vendas,110,30,"0,82","0,65",160000000,Commercial
15295,app para vendas online,110,39,1,"0,64",45100000,Commercial
18069,melhor plataforma para vendas online,110,33,"1,21","0,69",34000000,Commercial
18578,plataforma de venda de ingressos,110,13,"0,51","0,71",2040000,Commercial
18579,plataforma de venda de seguidores,110,25,"1,52","0,64",2870000,Commercial
18581,plataforma para vendas,110,24,"1,32","0,65",55700000,Commercial
18582,plataforma para vendas online,110,33,"1,29","0,69",27500000,Commercial
18583,plataforma para vender ebook,110,23,"0,52","0,67",2280000,Commercial
18584,plataforma para vender plano de saúde,110,8,"0,44","0,48",22600000,Commercial
18586,plataforma para vender produtos fisicos,110,23,"0,97","0,62",6540000,Commercial
18587,plataforma traseira para trator usada à venda,110,15,"0,05","0,22",59,"Informational, Transactional"
18589,plataformas de vendas online no brasil,110,36,"1,54","0,61",10700000,Commercial
18656,programa de venda,110,23,"2,1","0,56",146000000,Commercial
18657,programa para controle de vendas,110,22,"2,19","0,63",22300000,Commercial
18688,quais as melhores plataformas de vendas online,110,27,"1,62","0,63",8460000,Commercial
18691,qual a melhor plataforma para vendas online,110,21,"1,36","0,64",36400000,Commercial
18693,qual melhor plataforma de vendas online,110,28,"1,4","0,63",114000000,Commercial
18878,sistema de força de vendas,110,12,"1,46","0,54",12200000,"Informational, Commercial"
18882,sistema para controle de vendas gratuito,110,23,"1,29","0,75",28400000,Commercial
18883,sistema para vendas,110,24,"2,62",1,79000000,Commercial
20031,amor saúde venda nova whatsapp,90,19,"0,09","0,15",80,"Navigational, Transactional"
20429,aplicativo de vendas online grátis,90,40,"0,81","0,61",19000000,Commercial
20430,aplicativo para venda de produtos,90,38,"1,48","0,62",40500000,"Informational, Commercial"
20431,aplicativos para vender produtos,90,35,"1,63","0,58",9310000,"Informational, Commercial"
20433,app de compra e venda,90,42,"0,62","0,26",878000000,Transactional
20434,app de vendas de usados,90,36,"0,22","0,33",14100000,"Informational, Transactional"
20435,app para vender,90,48,"0,7","0,54",564000000,Commercial
22638,compra e venda ariquemes whatsapp,90,11,"0,15","0,02",98,Transactional
22846,crm sistema de vendas,90,36,"2,08","0,59",4760000,"Informational, Commercial"
23783,melhores crm de vendas,90,31,"2,47","0,69",4970000,Commercial
23785,melhores plataformas de venda online,90,31,"1,47","0,63",13100000,Commercial
24395,plataformas para andaimes usadas a venda,90,12,"0,14",1,63,Commercial
24396,plataformas para vender produtos fisicos,90,31,"0,97","0,62",310000,Commercial
24470,programas de vendas,90,27,"1,91","0,57",33300000,Commercial
24508,qual a melhor plataforma para vender online,90,23,"1,36","0,64",108000000,Commercial
24751,sistema de gestão de vendas,90,19,"3,25","0,76",182000000,Commercial
24752,sistema de venda gratuito,90,24,"1,17","0,72",19900000,Commercial
25563,venda de softwares,90,15,"0,62",1,87500000,"Informational, Commercial"
25662,vendas app,90,30,"0,64","0,45",131000000,Commercial
